Category,Tweet
Awareness,others
Awareness,Awareness
self,others
Awareness,Awareness
News,News
Awareness,Awareness
self,self
Awareness,self
others,self
Awareness,Awareness
self,News
Research,News
self,self
self,others
self,self
Awareness,others
Awareness,Awareness
self,Awareness
Ad,Awareness
others,others
Awareness,Research
self,self
Awareness,News
others,others
Research,Research
Awareness,Awareness
self,others
self,News
Awareness,self
Awareness,Awareness
Awareness,Awareness
Awareness,self
Research,Research
Awareness,others
self,Awareness
self,others
Awareness,News
News,News
self,self
Awareness,others
Research,Research
Research,Research
Awareness,others
Awareness,Awareness
Awareness,News
Awareness,Awareness
self,self
Awareness,Research
others,others
Awareness,Awareness
Awareness,Awareness
self,self
Awareness,self
self,self
self,self
Awareness,Awareness
News,News
others,others
Research,Research
self,self
Awareness,Awareness
Awareness,Awareness
others,Awareness
self,others
self,others
self,others
Awareness,Awareness
self,News
self,self
others,others
self,Awareness
Awareness,Awareness
Awareness,Awareness
Research,Research
Awareness,Awareness
self,self
Research,Research
self,Awareness
Research,Research
Awareness,Awareness
Awareness,Awareness
Research,Research
self,self
Awareness,Awareness
self,self
Awareness,Awareness
Awareness,Research
others,Awareness
Awareness,Awareness
self,self
self,self
self,self
Awareness,Awareness
others,self
others,self
Awareness,Awareness
self,self
Awareness,Awareness
Awareness,others
Awareness,Awareness
others,others
Awareness,others
Awareness,Awareness
Awareness,Ad
self,self
Awareness,Awareness
Awareness,Awareness
News,News
Research,Research
Awareness,others
Research,Research
self,self
Awareness,Awareness
Awareness,others
Awareness,others
self,self
Research,Research
self,self
self,self
Awareness,Awareness
Awareness,Awareness
others,Awareness
self,self
Awareness,Awareness
self,Awareness
Research,Research
self,self
Awareness,Awareness
Awareness,Awareness
Awareness,self
News,self
Research,Awareness
Awareness,Awareness
others,others
self,others
self,self
Research,others
Research,Research
Awareness,Awareness
self,self
Awareness,Awareness
Awareness,Awareness
Research,Research
Research,Awareness
Awareness,Awareness
self,self
Awareness,others
Awareness,Awareness
Awareness,Awareness
Research,Research
self,Awareness
others,Awareness
Awareness,Awareness
Awareness,Research
Awareness,Awareness
self,self
self,self
Awareness,Awareness
self,self
Research,Research
others,Awareness
Awareness,Awareness
Awareness,self
self,Awareness
Awareness,others
Awareness,others
others,Awareness
Awareness,Awareness
self,self
Awareness,Awareness
Research,Research
others,News
Awareness,Awareness
Awareness,Awareness
Research,Research
Awareness,Research
Awareness,Awareness
self,Awareness
self,Awareness
others,self
Research,Research
Awareness,Awareness
Awareness,Awareness
Awareness,Awareness
Awareness,Awareness
self,others
others,self
self,others
Awareness,Awareness
Awareness,Awareness
self,self
Awareness,others
Awareness,Awareness
Research,Research
self,self
Awareness,Awareness
Awareness,Awareness
Awareness,Awareness
Awareness,Awareness
self,others
Research,Research
Research,Research
Awareness,Ad
others,others
self,others
Research,others
self,self
Awareness,Awareness
Research,Research
others,others
self,others
others,others
Awareness,Ad
self,Awareness
self,Ad
self,Awareness
Research,Research
self,Awareness
self,others
self,others
others,others
Awareness,Awareness
Research,Research
others,Ad
Research,Research
Research,Research
Awareness,Awareness
Awareness,Ad
Awareness,self
Awareness,others
Awareness,Awareness
others,others
self,Awareness
Awareness,Awareness
self,others
Research,Research
self,others
Research,Research
self,self
Research,Research
self,self
self,others
Awareness,Awareness
Awareness,Awareness
Research,Research
Research,Research
Research,Research
Awareness,Awareness
Research,Awareness
self,self
Research,Research
Awareness,Awareness
Awareness,Awareness
Awareness,Awareness
Awareness,Awareness
Awareness,Awareness
others,others
Awareness,Awareness
others,others
others,others
Awareness,Awareness
Awareness,Awareness
Awareness,Awareness
Awareness,Awareness
Awareness,Awareness
others,News
News,News
Awareness,Awareness
Awareness,Awareness
Awareness,Awareness
Ad,Ad
Awareness,Awareness
Research,Research
Awareness,Awareness
self,others
Awareness,Awareness
others,others
Awareness,Awareness
Awareness,Awareness
Research,Research
Research,Research
Awareness,Research
Awareness,Awareness
Awareness,Awareness
others,self
Awareness,Awareness
self,self
Awareness,Awareness
self,self
Awareness,Awareness
Research,Research
Awareness,Awareness
Awareness,Awareness
Awareness,others
others,others
self,News
Awareness,others
Awareness,Awareness
Research,Research
self,Awareness
Awareness,Awareness
self,self
Awareness,News
others,Ad
self,self
self,News
others,others
Awareness,Awareness
Awareness,self
Awareness,others
self,News
Awareness,Awareness
self,others
Awareness,Awareness
Awareness,Research
self,self
Awareness,Awareness
Awareness,Awareness
self,others
Awareness,others
Awareness,Awareness
Research,Research
self,self
Awareness,Research
Awareness,Research
Research,Research
Awareness,others
Research,Research
Awareness,Awareness
Awareness,Awareness
Awareness,Awareness
Awareness,Awareness
Awareness,Awareness
self,others
Awareness,self
Awareness,Awareness
self,News
Awareness,Awareness
Awareness,self
Awareness,Awareness
Research,Research
Awareness,Awareness
self,self
others,others
self,others
Awareness,News
Awareness,Research
Awareness,Awareness
self,self
Awareness,Awareness
Awareness,Awareness
self,self
Awareness,Research
self,self
self,self
Research,Ad
Research,others
Awareness,Awareness
Research,Research
Awareness,Awareness
self,others
Research,Research
others,self
others,Ad
self,self
self,self
self,self
Research,Research
Research,Research
Awareness,others
Awareness,Awareness
Awareness,Awareness
Research,Research
others,others
Awareness,Awareness
Awareness,Awareness
Awareness,Awareness
self,self
others,others
Ad,Ad
Awareness,Awareness
Research,Research
News,Awareness
others,others
self,others
Research,Research
self,self
self,self
Research,News
Awareness,Awareness
self,self
self,self
Research,Research
self,self
others,Awareness
others,Awareness
self,self
Awareness,Awareness
self,others
self,others
Awareness,Awareness
Awareness,Awareness
Research,Research
Awareness,Awareness
Research,Awareness
Awareness,Awareness
Awareness,others
Awareness,Awareness
self,Awareness
Awareness,others
self,Awareness
Research,Research
self,self
Awareness,Awareness
Awareness,Awareness
others,self
self,self
self,self
Awareness,Awareness
self,Ad
self,self
self,others
self,self
others,others
self,self
self,self
Research,Research
self,self
Research,Research
Research,Research
Awareness,Awareness
Research,Research
self,self
Awareness,Awareness
Awareness,News
Awareness,Awareness
self,others
Awareness,Awareness
Awareness,self
Research,Research
Awareness,Awareness
others,others
self,others
Awareness,Awareness
Research,Research
Research,Research
Research,Research
Awareness,Awareness
Awareness,Awareness
Research,Awareness
Awareness,Awareness
Awareness,News
self,self
self,self
Awareness,Awareness
self,self
Awareness,others
Awareness,Awareness
Awareness,Awareness
Research,Research
others,Awareness
self,self
Awareness,Awareness
Awareness,Awareness
Research,Awareness
Awareness,Awareness
Awareness,Awareness
Research,Awareness
Awareness,self
self,self
News,News
Research,Awareness
Awareness,Awareness
others,self
Awareness,Research
Awareness,others
self,others
self,self
Awareness,Awareness
Research,Research
Awareness,Awareness
self,self
Awareness,Awareness
Research,Awareness
Awareness,Awareness
self,Awareness
Awareness,Research
Ad,Ad
Awareness,Awareness
Awareness,Awareness
Research,Research
self,self
Research,Research
others,others
others,self
Awareness,Awareness
Awareness,Awareness
Awareness,Awareness
self,self
Awareness,others
self,self
others,Awareness
Awareness,Awareness
Research,Research
Awareness,Awareness
self,self
Awareness,Awareness
others,self
Awareness,Awareness
others,others
others,others
others,Research
Awareness,Awareness
Research,Research
Awareness,Awareness
Awareness,Awareness
Awareness,Awareness
Awareness,Awareness
Awareness,Awareness
Awareness,Awareness
News,Awareness
Awareness,Awareness
self,self
Awareness,others
self,others
self,self
Awareness,Awareness
self,others
Awareness,self
Awareness,Awareness
self,News
self,News
Research,Research
Research,Research
self,self
self,self
Awareness,Awareness
Awareness,Awareness
self,Awareness
Research,Research
Awareness,Awareness
Research,others
Research,Research
others,self
others,self
self,self
Research,Research
others,others
Awareness,Awareness
Ad,Ad
self,self
self,self
self,self
Awareness,others
News,News
Awareness,Awareness
Research,Research
Awareness,self
Awareness,News
Awareness,others
others,self
Awareness,Awareness
Research,Research
Awareness,Awareness
Awareness,Awareness
self,self
others,others
Awareness,News
Awareness,Awareness
self,self
Awareness,Awareness
Awareness,others
self,others
Awareness,others
Awareness,Ad
Awareness,Awareness
Awareness,Awareness
self,self
Research,Awareness
Research,Research
Research,Awareness
others,self
others,Awareness
self,Awareness
self,self
self,self
Awareness,Awareness
self,self
self,self
Awareness,Awareness
Awareness,Awareness
Awareness,Awareness
self,Awareness
Awareness,Awareness
Awareness,self
Awareness,self
self,self
Awareness,Research
Awareness,Research
Awareness,self
Awareness,Awareness
Awareness,News
Research,Research
self,others
others,self
Awareness,Awareness
others,self
self,self
Awareness,Ad
self,self
others,others
Awareness,Research
self,self
Awareness,Awareness
others,others
Research,Research
Awareness,Awareness
self,self
Awareness,Awareness
Awareness,Awareness
Awareness,News
self,Awareness
Awareness,Awareness
others,others
Research,Research
Research,Research
self,others
others,others
Awareness,Awareness
others,Research
self,others
self,self
others,others
others,self
Awareness,News
others,self
Research,Research
Awareness,Research
Research,Research
Awareness,Awareness
Research,Research
Awareness,Awareness
self,self
others,self
Awareness,Awareness
Research,Research
Awareness,Awareness
Research,Research
Awareness,Awareness
Awareness,Awareness
Awareness,Awareness
Awareness,Research
self,Awareness
Awareness,Awareness
Awareness,Research
self,Awareness
Awareness,Awareness
self,self
Research,Research
self,self
Awareness,self
Awareness,self
Research,Research
Awareness,Awareness
self,Awareness
Awareness,others
Research,Research
self,Ad
self,self
Awareness,Awareness
Awareness,Awareness
Research,Research
Awareness,Awareness
self,self
others,self
Awareness,Awareness
Awareness,self
Awareness,others
Awareness,Awareness
Awareness,Awareness
Research,Research
self,others
Awareness,Awareness
Awareness,Awareness
Research,Research
others,others
Awareness,Awareness
Awareness,Ad
Awareness,Awareness
News,News
Awareness,Awareness
Awareness,Awareness
Awareness,Awareness
Awareness,Awareness
News,self
Awareness,Awareness
self,self
Awareness,Awareness
Awareness,News
Research,Research
self,self
Awareness,others
Awareness,Awareness
Research,Research
self,self
Awareness,Awareness
self,self
Awareness,Awareness
Awareness,Awareness
self,self
Awareness,Awareness
News,News
self,News
self,others
Awareness,Awareness
self,self
Awareness,others
Awareness,Awareness
self,self
self,self
Research,Research
Awareness,Awareness
Research,Research
Awareness,self
Research,Research
self,self
self,self
Awareness,Awareness
Awareness,Awareness
Awareness,Awareness
Awareness,Awareness
self,self
News,News
others,self
Research,Research
Awareness,others
self,self
News,self
Awareness,Awareness
Awareness,Awareness
Awareness,Awareness
Awareness,Awareness
Research,Research
self,self
Research,Research
Awareness,Research
Awareness,Awareness
self,others
News,News
Awareness,Research
Research,Awareness
Awareness,Awareness
Research,Research
Awareness,others
self,Awareness
Research,Research
Awareness,others
self,self
Awareness,Awareness
News,News
Awareness,Awareness
self,self
Awareness,others
Awareness,others
Awareness,Awareness
Research,Awareness
self,self
self,self
News,others
self,others
others,others
Awareness,self
Awareness,Awareness
News,self
Awareness,Awareness
self,others
self,self
Research,Research
Research,Research
others,others
Awareness,Awareness
others,others
Awareness,Awareness
Research,Research
self,self
Awareness,Awareness
Awareness,self
Awareness,Awareness
others,self
Research,Research
Awareness,Awareness
Awareness,Awareness
Awareness,Awareness
News,News
Awareness,Ad
Awareness,Awareness
Awareness,others
Awareness,Awareness
self,self
Awareness,Awareness
Awareness,Research
Awareness,self
Awareness,others
Awareness,Awareness
Awareness,Awareness
Awareness,Awareness
others,self
others,others
self,others
Awareness,Awareness
others,others
Awareness,others
Awareness,Awareness
self,self
Research,Research
Awareness,others
others,self
Awareness,self
Research,Research
Awareness,Awareness
News,News
others,self
Awareness,News
others,others
self,self
Research,Research
Research,Research
Awareness,others
Awareness,Awareness
Research,Research
Awareness,Awareness
others,self
Awareness,Awareness
Research,Research
self,self
Awareness,self
Awareness,Awareness
self,self
self,self
Research,Awareness
self,self
Awareness,self
Awareness,Awareness
Research,Research
Awareness,Awareness
Awareness,Awareness
self,self
Awareness,Awareness
Research,Awareness
self,self
Awareness,Awareness
Awareness,others
Research,Research
Research,Research
Awareness,Awareness
self,others
Awareness,Research
self,self
Awareness,Awareness
Awareness,Research
Awareness,self
Research,Research
Research,Research
self,self
Awareness,Awareness
Awareness,Awareness
self,self
Awareness,Awareness
others,Awareness
Research,Research
Research,Awareness
Awareness,Awareness
News,Awareness
News,News
Awareness,Awareness
self,self
Research,Research
others,self
self,self
Awareness,Awareness
self,others
others,others
self,self
self,self
self,self
Research,Research
Awareness,Awareness
Research,Research
Awareness,others
Awareness,self
Awareness,Awareness
Research,Research
Awareness,Awareness
Ad,Ad
self,Awareness
Awareness,Awareness
self,self
Awareness,Awareness
self,self
Awareness,Research
Awareness,Research
others,others
Awareness,Awareness
self,self
Awareness,Awareness
Awareness,Awareness
Awareness,others
Research,Research
others,Awareness
self,self
self,self
self,self
News,News
Awareness,News
self,self
Research,Research
self,News
self,Awareness
Awareness,Awareness
self,self
self,self
self,others
self,self
Awareness,Awareness
others,others
Awareness,others
Awareness,Awareness
self,self
Research,Research
self,Awareness
self,self
Awareness,Awareness
others,others
self,self
Awareness,Awareness
Awareness,Awareness
self,Awareness
Research,Research
self,self
Awareness,Awareness
Awareness,Awareness
Awareness,self
self,self
self,self
Research,Awareness
Research,Research
Awareness,Awareness
Awareness,Research
others,Research
self,self
Awareness,Awareness
Research,Research
self,self
Research,Research
Research,Research
Research,Research
Awareness,Awareness
self,others
Awareness,Awareness
Awareness,Research
Research,Research
Awareness,Awareness
others,Awareness
self,self
Awareness,News
Awareness,others
News,News
Awareness,Awareness
Awareness,self
Awareness,Awareness
self,Awareness
Awareness,Awareness
self,others
self,self
Awareness,Awareness
self,self
self,self
Awareness,Awareness
self,self
Awareness,Awareness
Awareness,Awareness
Research,Research
self,Awareness
Awareness,others
Awareness,Awareness
others,self
others,others
Research,Research
Awareness,Awareness
Research,others
Awareness,Awareness
Awareness,Awareness
Awareness,Awareness
self,self
Awareness,Ad
self,self
self,self
Awareness,Awareness
Awareness,Awareness
Awareness,Awareness
self,self
Awareness,others
self,self
Research,Research
self,others
self,self
Research,Research
Awareness,Awareness
Awareness,Awareness
self,others
others,Ad
others,others
Research,Research
self,Awareness
others,others
Awareness,Awareness
Awareness,Awareness
Awareness,Awareness
Awareness,Awareness
others,others
self,self
Research,Research
Awareness,Awareness
Research,Research
Awareness,Awareness
Awareness,Awareness
self,self
others,others
self,self
self,self
Awareness,News
Ad,Ad
Awareness,others
Awareness,Awareness
self,self
Awareness,Awareness
Awareness,others
Awareness,Awareness
others,others
Awareness,Awareness
self,self
self,self
self,self
Awareness,Awareness
Awareness,Ad
Awareness,Awareness
self,self
self,self
Awareness,Awareness
others,self
Awareness,Awareness
self,News
Awareness,self
Research,Research
self,Awareness
others,self
self,self
Awareness,News
Research,Research
Awareness,Awareness
self,self
self,self
Awareness,Awareness
self,self
Awareness,Awareness
Awareness,Awareness
Awareness,Awareness
Awareness,Awareness
News,others
others,others
News,self
Awareness,Awareness
Awareness,Awareness
Research,Research
Awareness,News
Awareness,self
Awareness,Research
self,self
Research,Research
Research,others
Awareness,Awareness
others,self
self,others
Awareness,Ad
Awareness,Awareness
self,self
Awareness,Awareness
self,self
Awareness,Research
Awareness,Awareness
self,self
Awareness,Awareness
others,others
Research,Research
Awareness,Awareness
others,Awareness
self,self
others,others
self,self
self,others
Awareness,Awareness
Awareness,Awareness
Awareness,Awareness
Awareness,self
self,self
Awareness,Awareness
